id,title,category,tier,age_min,age_max,level_min,level_max,kid_theme,prefill_basis,your_notes,description_en
phonics_LadderPhonics,Ladder Phonics,Phonics,free,4,150,,,,,,"A full phonics course, not a single game. 35 sound groups in teaching order, from s a t up to past tense -ed, so you always know what comes next"
phonics_WordSmash,Word Smash!,Phonics,parent,4,150,,,,,,"Reading at speed without the panic. Pick today's sound groups, set the speed for each child, and the rock only smashes when the word is read in range. Early taps cost nothing"
phonics_AdvancedWordBuilder,Advanced Word Builder,Phonics,parent,8,150,,,,,,"For the child who reads cat but freezes at fantastic. Hear the long word, spot the missing chunk, then build it. 85 long words, 49 phonics chunks, plus prefixes and suffixes"
phonics_SyllableSplitter,Syllable Splitter,Phonics,parent,8,150,,,,,,"Long words stop being scary once they can cut them. Find the vowels first, then split, using six real splitting rules instead of guessing"
phonics_SoundCatcher,Sound Catcher,Phonics,parent,4,150,,,,"keywords: K2, K3, P1",,"The child says the sound out loud and you judge it. Nothing to tap, so nobody can guess their way through. Then flip it: hear a word, tap the sound it starts with. Any Ladder Phonics groups"
phonics_SuperheroRescueLetters,Superhero Rescue Letters,Phonics,parent,4,150,,,Y,"keywords: 幼稚園, K2, K3",,"Upper and lower case, but the target always appears in the other form: see A, rescue a. Wrong taps just wobble so they can try again. Built for early years"
vocab_Ladder_a1,Ladder Vocabulary · A1,Vocabulary,parent,8,150,A1,A1,,title/level: A1,,"Words they can use, not just recognise. Students type each word into a real sentence, and it only counts as Known once they get it right in two different practice modes. 925 A1 words, mapped to Cambridge YLE Flyers"
vocab_Ladder_a2,Ladder Vocabulary · A2,Vocabulary,parent,8,150,A2,A2,,title/level: A2,,"684 A2 words, mapped to Cambridge A2 Key. Meaning, gap-fill sentences they type themselves and word parts, with a Known list that follows the student from lesson to lesson"
vocab_Ladder_b1,Ladder Vocabulary · B1,Vocabulary,parent,10,150,B1,B1,,"level: B1; keywords mention F1, F2, Form 1, Form 2, 中一, 中二",,"775 B1 words, mapped to Cambridge B1 Preliminary and still growing. Gap-fill sentences they type themselves, so the word is used, not just recognised"
vocab_Ladder_b2,Ladder Vocabulary · B2,Vocabulary,parent,12,150,B2,B2,,"level: B2; keywords mention secondary, DSE, F2, F3, Form 2, Form 3, 中二, 中三",,"1,268 B2 words drawn from secondary school textbooks. Gap-fill sentences they type themselves, plus word parts for the long academic words"
vocab_HealthyPlate,Healthy Plate,Vocabulary,parent,8,150,,,,,,"Six food groups plus the words for taste and texture, with crispy and crunchy put side by side on purpose. Sort it, describe it, then talk about their own plate. British and American switch"
vocab_FruitAtoZ,Fruit A–Z,Vocabulary,parent,8,150,,,,,,"One fruit for every letter, so vocabulary and the alphabet are practised together. Browse, spell, then match"
vocab_MatchingGame,English Matching Game,Vocabulary,parent,6,150,,,,,,"Drag the picture to the word. Right answers lock in, wrong ones bounce back for another go. Animals, food, stationery and actions. Ready in 2 minutes"
grammar_Detective,Grammar Detective,Grammar,parent,8,150,,,,"keywords mention P3, P4, 小三, 小四",,"Proofreading on real text types, from an email to a speech script. Tap what looks wrong, choose the fix, and wrong taps are logged. Then paste their own writing into Check My Writing"
grammar_TenseStudio,Tense Studio,Grammar,parent,8,150,,,,"keywords mention P3, P4, 小三, 小四",,"You choose the tenses, it writes the questions. All 12 plus be going to, weight the weak ones x2 or x3. Find the Clue makes students spot the time word before they choose the verb"
grammar_QuestionMaster,Question Master,Grammar,parent,8,150,,,,"keywords mention P3, P4, 小三, 小四",,"Most students can ask. Few answer well. Answer it trains the short answer that matches the question, then one real detail. Ask it, answer it, fix it, 157 items"
grammar_ComparativesSuperlatives,Comparatives & Superlatives,Grammar,parent,8,150,,,,"keywords mention P3, P4, 小三, 小四",,"-er, -est or more? Sorted by syllable count, because that is exactly where students go wrong. 32 adjectives, 30 sentence frames"
grammar_AdviceStudio,Advice Studio,Grammar,parent,8,150,,,,"keywords mention P3, P4, 小三, 小四",,"Four ways to give advice, not just should: should / shouldn't, Why don't you…?, You'd better, If I were you, I'd. 18 everyday problems, from a headache to an angry friend. Choose, sort, build, then say it"
grammar_ConditionalStudio,Conditional Studio,Grammar,parent,10,150,,,,"keywords mention P5, P6, F1, 小五, 小六, 中一, Form 1",,"Type 0 to 3, thinking first. Students decide which type the situation needs before they touch a verb, then build it, then write it. Wrong answers name the exact mistake, like will after if"
grammar_DeterminerStudio,Determiner Studio,Grammar,parent,8,150,A2,C2,,"keywords mention P3, P4, 小三, 小四",,"a few / a little, many / much, some / any, fewer / less and more. Tick only the sets their school has taught. Every sentence uses A2 words or easier, so the noun never blocks the grammar"
grammar_ArticlesAdventure,Articles Adventure,Grammar,parent,8,150,,,,"keywords mention P3, P4, 小三, 小四",,"a, an or the, taught before it is tested: learn the rules, practise ten at a time, then the space challenge. Reveal and Skip let you slow down whenever a student needs it"
grammar_SentenceSurgery,Sentence Surgery,Grammar,parent,8,150,,,,"keywords mention P3, P4, 小三, 小四, P5, P6, F1, 小五, 小六, 中一, Form 1",,"Diagnose, find, fix. Three wards: verb forms, sentence boundaries (fragments, comma splices, run-ons) and word choice. Healthy sentences are mixed in, so students stop over-correcting"
grammar_WhoseIsIt,Whose Is It?,Grammar,parent,8,150,,,,"keywords mention P3, P4, 小三, 小四",,"Mary's bag or hers? 20 objects, 10 characters and six modes, including the plural apostrophe trap"
grammar_BecauseOrBut,Because or But?,Grammar,parent,8,150,,,,"keywords mention P3, P4, 小三, 小四",,"50 sentences where one word flips the meaning. Students have to understand the sentence, not just spot the grammar. Five modes, including a timer, a streak combo and a boss battle"
grammar_NegativeCarnivalQuest,No-Magic Carnival,Grammar,parent,8,150,,,,"keywords mention P3, P4, 小三, 小四",,"do not, does not or did not, in four stages: choose it, switch positive to negative, fix broken sentences, then a timed mix. The rules card opens mid-game"
life_TellingTheTime,Telling the Time,Everyday English,free,8,150,,,,"keywords mention P3, P4, 小三, 小四, P5, P6, F1, 小五, 小六, 中一, Form 1, 成人, Adult",,"Drag the hands and the words change with them. Switch between the Simple and Traditional ways of saying the time, to match what their school teaches"
life_FollowTheDirections,Follow the Directions,Everyday English,parent,8,150,,,,"keywords mention P3, P4, 小三, 小四, P5, P6, F1, 小五, 小六, 中一, Form 1, 成人, Adult",,"They follow your directions on the map, then give them back: go straight, turn left at, across from, between, on the corner. Listening and speaking in one task"
speaking_DoctorVisit,Clinic Day: I Don’t Feel Well,Everyday English,parent,8,150,,,,"has Kids and Adults modes (lower age is my guess, please confirm)",,"Kids or Adults. Kids: tell Mum, see the doctor, ask for leave, then swap roles. Adults: book by phone, see the GP, call in sick, ask the pharmacist, then run the appointment yourself. Word cards are grouped (symptoms, illnesses, feelings, how bad and how long). Wrong choices get a hint, never a penalty"
life_HealthyLiving,Healthy Living Challenge,Everyday English,parent,8,150,,,,"keywords mention P3, P4, 小三, 小四, 成人, Adult",,"Sort 14 daily habits into healthy or unhealthy, then give advice in pairs: one should and one shouldn’t for every situation, so they practise both sides"
vocab_CommunityHelpers,Community Helpers,Everyday English,parent,8,150,,,,"keywords mention P3, P4, 小三, 小四",,"The problem comes first, then who can help, so students learn why each job matters, not just its name. 13 helpers over 9 levels, with a British and American switch"
finance_KidsToyShop,Kids’ Toy Shop,Everyday English,parent,8,150,,,Y,"keywords mention P3, P4, 小三, 小四",,"Run the shop for a day. Six customers, and they have to buy stock, upsell and talk price in English before they make anything"
speaking_QuickFireFlashcards,Quick Fire Flashcards,Speaking,free,8,150,,,,has Kids and Adults modes,,"Big question cards built for screen share, with a follow-up for every card so one-word answers turn into a conversation. Kids and Adults decks, plus a Level up ladder"
speaking_IeltsSpeakingRoom,IELTS Speaking Room,Speaking,teacher,16,150,B1,C1,,"IELTS, 成人, Adult",,"All three parts on one screen. Tap what the candidate actually does as they speak, and the report is ready the moment the mock test ends"
speaking_LadderFrames,Ladder Frames,Speaking,teacher,10,150,,,,,,"Seven answer frames, four of them original to Ladder Lessons, with 221 questions for interviews, opinions and debate. A stopwatch shows the target length, so students learn what a full answer sounds like"
speaking_LadderTalk,Ladder Talk,Speaking,teacher,10,150,,,,"keywords: adult, IELTS (lower age is my guess, please confirm)",,"The adult speaking board for 1-to-1 lessons. Each student gets their own board of topic words, discussion questions and role-plays, and it remembers where they stopped, so the next lesson starts with Continue"
speaking_HookLab,Hook Lab,Speaking,teacher,12,150,,,,"keywords: secondary, adult, presentation, IELTS",,"Eight ways to open a talk, a presentation or an essay, each shown before and after on the same topic. Spot the hook, pick the best fit for an audience, fix a flat opening, then roll random briefs"
speaking_TenSecondChallenge,10-Second Sentence Challenge,Speaking,parent,10,150,,,,,,"Four cards, one sentence, ten seconds. A person, a place, an action and an event force a full sentence fast, with a model sentence when they are stuck"
speaking_FullSentences,Let’s Speak in Full Sentences!,Speaking,parent,6,150,,,Y,,,"The end of one-word answers. Every question comes with a sentence frame, so students only add the idea. 100 everyday questions, 10 per round"
speaking_LadderFestivals,Ladder Festivals,Speaking,parent,8,150,,,,,,"Opens on the next festival. Words, greetings, small talk about this year and last, explaining their own festival to a friend, and should or shouldn't. Three answer levels, so it works again every year"
speaking_FestivalSentenceBuilder,Festival Speaking Builder,Speaking,parent,8,150,,,,,,"Nine festivals, five modes, ending in rapid fire. They write the sentence right before they have to say it, and you can change level or mode mid-game without restarting"
speaking_CrazyKitchen,Crazy Kitchen,Speaking,parent,8,150,,,Y,,,"Kids invent a three-course meal, then present it with a sentence frame for every dish. Silly enough that they want to talk, structured enough that they say it right"
speaking_MyDreamHouse,My Dream House,Speaking,parent,8,150,,,,,,"Every piece of furniture they place writes a sentence with the right preposition, which they read out. Finish with a full tour of the house"
speaking_PackMyBackpack,Pack My Backpack,Speaking,parent,8,150,,,Y,,,"Beach, camping, school or the zoo. Pack the bag, then say why each thing is going in. Because practice with something to point at"
speaking_StarReporter,Star Reporter,Speaking,parent,8,150,,,Y,,,"15 interview prompts. They play reporter, you play the story, and neither side can stop at one question"
speaking_IntroBuilder,Intro Builder,Speaking,teacher,6,150,,,,"NEW 2026-10-06: ages not filled, please fill",,"Build a self-introduction with a student on memo notes, for young learners, school interviews and job interviews. Each student's board is saved, and you share it as a picture for practice after class"
listening_DetectiveDictation,Detective Dictation,Listening,parent,10,150,,,,,,"Dictation with a reason to listen. Hear the case, then fill in the report: who, what, when, where. Listening and spelling in one"
listening_AnnouncementStation,Announcement Station,Listening,parent,8,150,,,,,,"Real-world listening: school, station, airport, supermarket and library announcements. Wrong answers point to the exact line that held the answer"
listening_NumberNinja,Number Ninja,Listening,parent,8,150,,,,,,"13 or 30? Prices, times, dates and long numbers, where one wrong sound changes the whole answer"
writing_TowerOfSentences,Tower of Sentences,Writing,parent,8,150,,,Y,,,Each level gives a plain sentence and three target words. Use all three and the new sentence becomes a brick in their tower. Tap any target word for its meaning and an example
writing_ChainStory,The Chain Story Game,Writing,parent,8,150,,,Y,,,"Pick a theme, then one sentence each in turn. Stuck? Show Words hands them something to build on"
writing_DetectivesNotebook,The Detective’s Notebook,Writing,parent,8,150,,,Y,,,"Three cases, three scenes each. Read the clues, write one sentence per scene with a template, and the notebook becomes a report in the right order"
writing_TimeTravelJournal,My Time Travel Journal,Writing,parent,12,150,,,,,,"Pick a time portal, answer the prompts, and it builds into a journal they can save. Past tense the whole way, without it feeling like a tense exercise"
writing_RestaurantReview,Restaurant Review Kitchen,Writing,parent,12,150,,,,,,"Pick the ingredients, then write the review. It tells them which tense this one needs before they start"
writing_RolePlayWriting,Role-Play Writing Adventure,Writing,parent,8,150,,,,,,"Choose a character, then build the story in six steps: scene, problem, action, feeling, reason, lesson. A shape instead of a blank page"
writing_PresentationScript,Presentation Script Builder,Writing,parent,12,150,,,,,,"Plan with Purpose, Audience and Tone, then write part by part: greeting, introduction, hook, main points, facts and closing. It checks structure, language features and comma splices, then times them reading it aloud"
finance_MiniBusinessTycoonJunior,Mini Business Tycoon Junior,Money English,parent,8,150,,,Y,description: Ages 7 to 9,,"Ages 7 to 9. Students say what they want to do in English and you press the button, so every business decision is a spoken sentence. 10 days, with surprise event cards"
finance_MiniBusinessTycoonSuper,Mini Business Tycoon Super,Money English,parent,10,150,,,Y,description: Ages 10 to 12,,"Ages 10 to 12. Every decision is still spoken, now with harder business English and real risks like spoiled stock"
finance_YoungEntrepreneur,Young Entrepreneur,Money English,parent,10,150,,,Y,,,"Eight business challenges. Pick who to sell to, plan the idea, count the money in English, then pitch it out loud"
finance_CreativeHustleChallenge,Creative Hustle Challenge,Money English,parent,10,150,,,Y,,,"20 challenges, and each day throws in a twist. You grade the pitch, and money and reputation follow. 29 business words"
group_Discussion,Group Interview Room,Group Class,teacher,10,150,,,,,,"Group discussion interviews, practised in a 1-to-1 lesson. You play the other members, tap each move the student makes, and save a report"
group_FirstGroupClass,English Class Helper,Group Class,teacher,6,150,,,Y,,,"First lesson setup: type the names, spin for who goes next, pick a topic. The list saves, so you only do it once"
group_InterviewEachOther,Classroom Interview Activity,Group Class,teacher,6,150,,,,,,"30 questions and 10 mission cards. Every pair interviews at the same time, so the whole class is talking at once"
group_ZooDetective,Zoo Detective: Who Am I?,Group Class,teacher,8,150,,,Y,,,"The class asks the yes/no questions and you answer, so the questions come from them, not you. Everyone asks once before anyone can guess"
group_StudentPicker,Student Picker,Group Class,teacher,4,150,,,,,,"Random student, and it counts down who is left. Nobody gets picked twice before everyone has had a turn"
tools_LadderWheel,Ladder Wheel,Classroom Tools,teacher,4,150,,,,,,"Paste your questions and the wheel builds itself. Tap to remove what has been said, and save or load wheels"
tools_BigText,Big Text,Classroom Tools,free,4,150,,,,,,"Classroom magnifier. Paste a word or sentence, one letter per cell, tap to draw syllable lines"
tools_GuessWhatIAm,Guess What I Am,Classroom Tools,teacher,6,150,,,,,,"You think of something, they find it with yes/no questions that must start with Do, Are, Can, Is, Does or Have. Question forms practised without a worksheet"