id,title,mode,how_to_run_en,how_to_run_zh
phonics_LadderPhonics,Ladder Phonics,led,,
phonics_WordSmash,Word Smash!,led,,
phonics_AdvancedWordBuilder,Advanced Word Builder,solo,,
phonics_SyllableSplitter,Syllable Splitter,solo,,
phonics_SoundCatcher,Sound Catcher,solo,,
phonics_SuperheroRescueLetters,Superhero Rescue Letters,solo,,
vocab_Ladder_a1,Ladder Vocabulary · A1,solo,,
vocab_Ladder_a2,Ladder Vocabulary · A2,solo,,
vocab_Ladder_b1,Ladder Vocabulary · B1,solo,,
vocab_Ladder_b2,Ladder Vocabulary · B2,solo,,
vocab_HealthyPlate,Healthy Plate,led,,
vocab_FruitAtoZ,Fruit A–Z,solo,,
vocab_MatchingGame,English Matching Game,solo,,
grammar_Detective,Grammar Detective,solo,,
grammar_TenseStudio,Tense Studio,solo,,
grammar_QuestionMaster,Question Master,solo,,
grammar_ComparativesSuperlatives,Comparatives & Superlatives,solo,,
grammar_AdviceStudio,Advice Studio,solo,,
grammar_ConditionalStudio,Conditional Studio,solo,,
grammar_DeterminerStudio,Determiner Studio,solo,,
grammar_ArticlesAdventure,Articles Adventure,led,,
grammar_SentenceSurgery,Sentence Surgery,solo,,
grammar_WhoseIsIt,Whose Is It?,solo,,
grammar_BecauseOrBut,Because or But?,solo,,
grammar_NegativeCarnivalQuest,No-Magic Carnival,solo,,
life_TellingTheTime,Telling the Time,solo,,
life_FollowTheDirections,Follow the Directions,led,,
speaking_DoctorVisit,Clinic Day: I Don’t Feel Well,led,,
life_HealthyLiving,Healthy Living Challenge,solo,,
vocab_CommunityHelpers,Community Helpers,led,,
finance_KidsToyShop,Kids’ Toy Shop,led,,
speaking_QuickFireFlashcards,Quick Fire Flashcards,led,,
speaking_IeltsSpeakingRoom,IELTS Speaking Room,led,,
speaking_LadderFrames,Ladder Frames,led,,
speaking_LadderTalk,Ladder Talk,led,,
speaking_HookLab,Hook Lab,led,,
speaking_TenSecondChallenge,10-Second Sentence Challenge,led,,
speaking_FullSentences,Let’s Speak in Full Sentences!,led,,
speaking_LadderFestivals,Ladder Festivals,led,,
speaking_FestivalSentenceBuilder,Festival Speaking Builder,led,,
speaking_CrazyKitchen,Crazy Kitchen,led,,
speaking_MyDreamHouse,My Dream House,led,,
speaking_PackMyBackpack,Pack My Backpack,led,,
speaking_StarReporter,Star Reporter,led,,
listening_DetectiveDictation,Detective Dictation,solo,,
listening_AnnouncementStation,Announcement Station,led,,
listening_NumberNinja,Number Ninja,solo,,
writing_TowerOfSentences,Tower of Sentences,led,,
writing_ChainStory,The Chain Story Game,led,,
writing_DetectivesNotebook,The Detective’s Notebook,led,,
writing_TimeTravelJournal,My Time Travel Journal,led,,
writing_RestaurantReview,Restaurant Review Kitchen,solo,,
writing_RolePlayWriting,Role-Play Writing Adventure,led,,
writing_PresentationScript,Presentation Script Builder,led,,
finance_MiniBusinessTycoonJunior,Mini Business Tycoon Junior,led,,
finance_MiniBusinessTycoonSuper,Mini Business Tycoon Super,led,,
finance_YoungEntrepreneur,Young Entrepreneur,led,,
finance_CreativeHustleChallenge,Creative Hustle Challenge,led,,
group_Discussion,Group Interview Room,led,,
group_FirstGroupClass,English Class Helper,led,,
group_InterviewEachOther,Classroom Interview Activity,led,,
group_ZooDetective,Zoo Detective: Who Am I?,led,,
group_StudentPicker,Student Picker,led,,
tools_LadderWheel,Ladder Wheel,led,,
tools_BigText,Big Text,led,,
tools_GuessWhatIAm,Guess What I Am,led,,
